{"loss": 0.0550503246486187, "ADE": 0.24373717606067657, "ADE_std": 0.0, "coverage": 0.3333333432674408}