{"loss": 0.29853636026382446, "ADE": 2.3515307903289795, "ADE_std": 1.7624784708023071, "coverage": 0.9833333492279053, "mis": NaN, "DE@1s": 1.2511786222457886, "DE@1s_std": 1.0743399858474731, "DE@2s": 3.1149659156799316, "DE@2s_std": 2.5103328227996826, "DE@3s": 5.741277694702148, "DE@3s_std": 4.412682056427002, "cov@1s": 0.949999988079071, "cov@2s": 1.0, "cov@3s": 1.0}