{"loss": 0.3012150824069977, "ADE": 2.1646015644073486, "ADE_std": 1.276186227798462, "coverage": 0.9837037920951843, "DE@1s": 1.0824404954910278, "DE@1s_std": 0.7268521785736084, "DE@2s": 2.845491886138916, "DE@2s_std": 1.822832465171814, "DE@3s": 5.463603973388672, "DE@3s_std": 3.4424800872802734, "cov@1s": 0.9511111974716187, "cov@2s": 1.0, "cov@3s": 1.0}