{"loss": 1.4234024286270142, "ADE": 2.2908358573913574, "ADE_std": 1.6473197937011719, "coverage": 0.9826666116714478, "DE@1s": 1.221840262413025, "DE@1s_std": 1.0462417602539062, "DE@2s": 3.0217533111572266, "DE@2s_std": 2.3369905948638916, "DE@3s": 5.687615871429443, "DE@3s_std": 4.336021423339844, "cov@1s": 0.9479999542236328, "cov@2s": 1.0, "cov@3s": 1.0}