{"loss": 3.8413302898406982, "ADE": 2.2002930641174316, "ADE_std": 0.8155111074447632, "coverage": 0.9666666984558105}