{"loss": 255747.625, "ADE": 380.1461181640625, "ADE_std": 261.6402587890625, "coverage": 0.43888887763023376, "FDE": 3245.928955078125}