{"loss": 0.7765693664550781, "ADE": 0.942687451839447, "ADE_std": 0.7463627457618713, "coverage": 0.9993055462837219, "mis": 8.70471477508545, "FDE": 1.9827929735183716}