{"loss": 26.486255645751953, "ADE": 13.400300979614258, "ADE_std": 3.350710391998291, "coverage": 0.9277777075767517, "FDE": 49.599266052246094}